{
    "instances": [
        {"values": [10.37495404972,27,30,41,63,9], "key": 0},
        {"values": [9.12493302418,32,32,40,14,9], "key": 1},
        {"values": [7.9586876582,31,99,40,99,99], "key": 2},
        {"values": [6.1883756943399995,23,28,38,14,9], "key": 3}
    ]
}
